{"cameraMode":{"drawMode":0,"name":"Shaded","section":"Shading Mode"},"sceneLighting":false,"audioPlay":false,"sceneViewState":{"m_AlwaysRefresh":false,"showFog":true,"showSkybox":false,"showFlares":true,"showImageEffects":true,"showParticleSystems":true,"showVisualEffectGraphs":true,"m_FxEnabled":true},"in2DMode":false,"pivot":{"x":-0.04786312207579613,"y":-0.06475438177585602,"z":-0.012101292610168457},"rotation":{"x":-0.027144279330968858,"y":0.943263053894043,"z":-0.07971503585577011,"w":-0.3211938738822937},"size":0.2997998297214508,"orthographic":false}