{"cameraMode":{"drawMode":0,"name":"Shaded","section":"Shading Mode"},"sceneLighting":false,"audioPlay":false,"sceneViewState":{"m_AlwaysRefresh":false,"showFog":true,"showSkybox":false,"showFlares":true,"showImageEffects":true,"showParticleSystems":true,"showVisualEffectGraphs":true,"m_FxEnabled":true},"in2DMode":false,"pivot":{"x":0.3247182369232178,"y":0.1579587310552597,"z":0.06269490718841553},"rotation":{"x":0.6943165063858032,"y":0.11051899194717407,"z":-0.10920064151287079,"w":0.7026987075805664},"size":0.22126023471355439,"orthographic":true}